project_id,prime_applicant,topic_area,project_title,prime_city,prime_state,states_named_in_description,federal_funds_requested,total_project_value,recipient_cost_share,cost_share_percent,technologies_described,large_load_or_data_center_mention,status,source,last_updated
3580-1677,"Arizona Electric Power Cooperative, Inc.",1: Grid Resilience (small utilities),Accelerated Advanced Reconductoring,Benson,AZ,Arizona,29147210,38863969,9716759,25,Line replacement; substation upgrades,Not stated,Selected Sept 2026; award expected Oct 2026 to Jan 2027,https://www.energy.gov/documents/selected-applications-de-foa-003580-spark,2026-09-29
3580-1633,"Farmers' Electric Cooperative, Inc. of New Mexico",1: Grid Resilience (small utilities),Eastern New Mexico Capacity Expansion for Energy Project,Clovis,NM,Not specified,19474202,25965596,6491394,25,Line replacement; wood-to-steel structures; communications and controls,Demand growth cited,Selected Sept 2026; award expected Oct 2026 to Jan 2027,https://www.energy.gov/documents/selected-applications-de-foa-003580-spark,2026-09-29
3580-1544,Four County Electric Membership Corporation,1: Grid Resilience (small utilities),Line Infrastructure for Tomorrow (LIFT),Burgaw,NC,Not specified,23230549,30974065,7743516,25,Line and substation upgrades; wood-to-steel structures,Demand growth cited,Selected Sept 2026; award expected Oct 2026 to Jan 2027,https://www.energy.gov/documents/selected-applications-de-foa-003580-spark,2026-09-29
3580-1743,"Kit Carson Electric Cooperative, Inc.",1: Grid Resilience (small utilities),"Accelerated Reconductoring and Dynamic Line Rating, Questa-Taos 69kV Corridor",Taos,NM,New Mexico,38134678,50848435,12713757,25,Reconductoring; dynamic line rating,Not stated,Selected Sept 2026; award expected Oct 2026 to Jan 2027,https://www.energy.gov/documents/selected-applications-de-foa-003580-spark,2026-09-29
3580-1607,Basin Electric Power Cooperative,1: Grid Resilience (large utilities),Unified Vision for Energy Resilience,Bismarck,ND,Arkansas; Florida; Missouri; Mississippi; North Dakota; Wisconsin,87339723,174679448,87339725,50,Five corridor upgrade subprojects,Not stated,Selected Sept 2026; award expected Oct 2026 to Jan 2027,https://www.energy.gov/documents/selected-applications-de-foa-003580-spark,2026-09-29
3580-1887,PPL Electric Utilities Corporation,1: Grid Resilience (large utilities),Montour Advanced Reconductoring Project,Allentown,PA,Not specified (Montour-Glen Brook-Susquehanna corridor),71464967,142929934,71464967,50,Rebuild of existing Montour-Glen Brook-Susquehanna corridor,Not stated,Selected Sept 2026; award expected Oct 2026 to Jan 2027,https://www.energy.gov/documents/selected-applications-de-foa-003580-spark,2026-09-30
3580-1653,"Puget Sound Energy, Inc.",1: Grid Resilience (large utilities),Project Pulse,Bellevue,WA,Not specified,40204314,80408630,40204316,50,Existing line upgrades,Not stated,Selected Sept 2026; award expected Oct 2026 to Jan 2027,https://www.energy.gov/documents/selected-applications-de-foa-003580-spark,2026-09-29
3580-1684,Rocky Mountain Power,1: Grid Resilience (large utilities),UNLOCK (Upgrading Network Lines for Optimized Capacity and Knowledge),Salt Lake City,UT,Utah; Idaho; Wyoming,87532789,175065578,87532789,50,Line upgrades; line rating technology,Not stated,Selected Sept 2026; award expected Oct 2026 to Jan 2027,https://www.energy.gov/documents/selected-applications-de-foa-003580-spark,2026-09-29
3580-1680,Tennessee Valley Authority,1: Grid Resilience (large utilities),Rebuilding the Transmission Backbone for Energy and AI Dominance,Knoxville,TN,Not specified,79844529,159689058,79844529,50,Line upgrades; line rating technology,Regional growth cited,Selected Sept 2026; award expected Oct 2026 to Jan 2027,https://www.energy.gov/documents/selected-applications-de-foa-003580-spark,2026-09-29
3580-1797,"1803 Electric Cooperative, Inc.",2: Smart Grid,1803 Integrated Smart Grid Program,Baton Rouge,LA,Louisiana,21127000,42254000,21127000,50,Advanced modeling; optimization; wire replacement; monitoring and control,Load growth cited,Selected Sept 2026; award expected Oct 2026 to Jan 2027,https://www.energy.gov/documents/selected-applications-de-foa-003580-spark,2026-09-29
3580-1705,Alabama Power Company,2: Smart Grid,Northeast Alabama Smart Grid Deployment,Birmingham,AL,Alabama,50000000,183867957,133867957,73,Line upgrades; advanced transmission technologies,Yes: data centers named,Selected Sept 2026; award expected Oct 2026 to Jan 2027,https://www.energy.gov/documents/selected-applications-de-foa-003580-spark,2026-09-29
3580-1591,American Electric Power Service Corporation,2: Smart Grid,Next-Generation Optical Transport Network for Smart Grid Modernization,Columbus,OH,Not specified,50000000,151732228,101732228,67,Communications network; capacity rating system,Not stated,Selected Sept 2026; award expected Oct 2026 to Jan 2027,https://www.energy.gov/documents/selected-applications-de-foa-003580-spark,2026-09-29
3580-1685,"CenterPoint Energy Houston Electric, LLC",2: Smart Grid,Project TALON (Transmission Area Load Optimization Node),Houston,TX,Not specified,50000000,176694221,126694221,72,System stabilization device,Not stated,Selected Sept 2026; award expected Oct 2026 to Jan 2027,https://www.energy.gov/documents/selected-applications-de-foa-003580-spark,2026-09-29
3580-1546,"Duke Energy Carolinas, LLC",2: Smart Grid,UNLOCK Carolinas,Charlotte,NC,Not specified,50000000,201437390,151437390,75,Advanced transmission technologies; line upgrades,Not stated,Selected Sept 2026; award expected Oct 2026 to Jan 2027,https://www.energy.gov/documents/selected-applications-de-foa-003580-spark,2026-09-29
3580-1790,Duquesne Light Company,2: Smart Grid,GRID-SURGE,Pittsburgh,PA,Not specified,22216396,44881609,22665213,51,Stabilization devices; line upgrades,Yes: new customer interconnection,Selected Sept 2026; award expected Oct 2026 to Jan 2027,https://www.energy.gov/documents/selected-applications-de-foa-003580-spark,2026-09-29
3580-1612,"Electric Power Research Institute, Inc.",2: Smart Grid,ATREES: Advanced Transmission Technologies for Reliable and Efficient Energy Supply,Palo Alto,CA,Not specified (FirstEnergy and Salt River Project systems),20852041,41704082,20852041,50,Advanced transmission technologies,Not stated,Selected Sept 2026; award expected Oct 2026 to Jan 2027,https://www.energy.gov/documents/selected-applications-de-foa-003580-spark,2026-09-29
3580-1808,"Entergy Mississippi, LLC",2: Smart Grid,Unlocking Grid Capacity for the Southeast's Next Wave of Data Center and Industrial Growth,Jackson,MS,Arkansas; Louisiana; Mississippi,13718850,27437700,13718850,50,Line rating technology; substation upgrades; monitoring and controls,Yes: data centers named,Selected Sept 2026; award expected Oct 2026 to Jan 2027,https://www.energy.gov/documents/selected-applications-de-foa-003580-spark,2026-09-29
3580-1785,Eversource Energy Service Corporation,2: Smart Grid,Dynamic Rating Enhancement Advancements and Modernization,Hartford,CT,Connecticut; Massachusetts; New Hampshire,47727336,95454674,47727338,50,Line rating system; data analytics,Not stated,Selected Sept 2026; award expected Oct 2026 to Jan 2027,https://www.energy.gov/documents/selected-applications-de-foa-003580-spark,2026-09-29
3580-1558,Guam Power Authority,2: Smart Grid,Guam Real-Time Intelligence for Transmission (GRIT),Mangilao,GU,Guam,10619597,21239194,10619597,50,Undergrounding; monitoring and automation; AI tools,Not stated,Selected Sept 2026; award expected Oct 2026 to Jan 2027,https://www.energy.gov/documents/selected-applications-de-foa-003580-spark,2026-09-29
3580-1630,Orlando Utilities Commission,2: Smart Grid,Improving Transmission Operations at OUC through Demonstration of Advanced Transmission Technologies,Orlando,FL,Not specified,12965844,25937404,12971560,50,High-temperature low-sag conductors; dynamic line rating; AI tools,Not stated,Selected Sept 2026; award expected Oct 2026 to Jan 2027,https://www.energy.gov/documents/selected-applications-de-foa-003580-spark,2026-09-29
3580-1663,New England Power Company,2: Smart Grid,Dynamic Rating Enhancement Advancements and Modernization,Waltham,MA,Not specified,49685297,99735607,50050310,50,Real-time rating tool; operations software; field sensors,Not stated,Selected Sept 2026; award expected Oct 2026 to Jan 2027,https://www.energy.gov/documents/selected-applications-de-foa-003580-spark,2026-09-29
3580-1700,New York Power Authority,2: Smart Grid,Marcy STATCOM PowerBoost,White Plains,NY,Not specified,50000000,270000000,220000000,81,Equipment replacement with advanced transmission technology,Not stated,Selected Sept 2026; award expected Oct 2026 to Jan 2027,https://www.energy.gov/documents/selected-applications-de-foa-003580-spark,2026-09-29
3580-1717,NorthWestern Energy,2: Smart Grid,Enhancing Inter-State Transfer Capability Between Montana and Wyoming,Butte,MT,Montana; Wyoming,26500000,53000000,26500000,50,Power flow control; dynamic line rating,Not stated,Selected Sept 2026; award expected Oct 2026 to Jan 2027,https://www.energy.gov/documents/selected-applications-de-foa-003580-spark,2026-09-29
3580-1679,Pacific Power,2: Smart Grid,CASCADE (Coordinated Advanced Smart-grid Control and Dynamic Enablement),Portland,OR,Washington; Oregon,50000000,105486597,55486597,53,Advanced transmission technologies at substations,Yes: large-load interconnection,Selected Sept 2026; award expected Oct 2026 to Jan 2027,https://www.energy.gov/documents/selected-applications-de-foa-003580-spark,2026-09-29
3580-1765,Pitch Aeronautics Inc.,2: Smart Grid,Weather-Centric Dynamic Line Ratings and Targeted Reconductoring,Boise,ID,"Not specified (Ameren Missouri, Ameren Illinois, Farmington Electric Utility System)",37034911,75565842,38530931,51,Weather-based line rating; targeted reconductoring,Yes: large-load interconnection,Selected Sept 2026; award expected Oct 2026 to Jan 2027,https://www.energy.gov/documents/selected-applications-de-foa-003580-spark,2026-09-29
3580-1628,Powder River Energy Corporation,2: Smart Grid,PRISM (PRECorp Resilient Infrastructure and Smart-grid Modernization),Sundance,WY,Not specified,14652310,29752310,15100000,51,Line upgrades; sensors; automation; AI models,Not stated,Selected Sept 2026; award expected Oct 2026 to Jan 2027,https://www.energy.gov/documents/selected-applications-de-foa-003580-spark,2026-09-29
3580-1878,Public Service Company of New Mexico,2: Smart Grid,ORBIT (Operational Resilience and Balanced Intelligent Transmission),Albuquerque,NM,Not specified,29372844,65771885,36399041,55,Line upgrades; line rating software; structure upgrades,Not stated,Selected Sept 2026; award expected Oct 2026 to Jan 2027,https://www.energy.gov/documents/selected-applications-de-foa-003580-spark,2026-09-29
3580-1860,Colorado Energy Office,3: Grid Innovation (states and localities),CO to TX Western-Eastern Intertie Modernization Initiative,Denver,CO,Colorado; Texas; neighboring regions,250000000,1206553696,956553696,79,Advanced transmission technologies; targeted line upgrades,Not stated,Selected Sept 2026; award expected Oct 2026 to Jan 2027,https://www.energy.gov/documents/selected-applications-de-foa-003580-spark,2026-09-29
3580-1847,Oklahoma Office of Management and Enterprise Services,3: Grid Innovation (states and localities),Three Corners Connector,Oklahoma City,OK,Oklahoma; Colorado,250000000,832174719,582174719,70,High-capacity link between SPP and WECC,Not stated,Selected Sept 2026; award expected Oct 2026 to Jan 2027,https://www.energy.gov/documents/selected-applications-de-foa-003580-spark,2026-09-29
3580-1695,Public Utilities Commission of Ohio,3: Grid Innovation (states and localities),Ohio SPARK,Columbus,OH,Ohio,135982043,272959926,136977883,50,Advanced transmission technologies; line upgrades,Yes: new load interconnection,Selected Sept 2026; award expected Oct 2026 to Jan 2027,https://www.energy.gov/documents/selected-applications-de-foa-003580-spark,2026-09-29
3580-1669,"State of Indiana, Office of Energy Development",3: Grid Innovation (states and localities),Expanding Cross-Regional Transfer Capability Across the PJM-MISO Seam,Indianapolis,IN,Not specified (PJM-MISO seam),174413876,348827754,174413878,50,Reconductoring; advanced transmission technologies,Yes: large-load interconnection,Selected Sept 2026; award expected Oct 2026 to Jan 2027,https://www.energy.gov/documents/selected-applications-de-foa-003580-spark,2026-09-30
